Date,Lead_Source,Lead_Stage,Revenue_Potential,Region
2024-01-01,TikTok,Prospect,204624,Arizona
2024-01-02,LinkedIn,Proposal,281458,New York
2024-01-03,Google_Ads,Proposal,391576,Colorado
2024-01-04,LinkedIn,Won,166146,New Jersey
2024-01-05,Google_Ads,Qualified,317913,California
2024-01-06,Referral,Won,162314,Texas
2024-01-07,Google_Ads,Proposal,108417,Arizona
2024-01-08,LinkedIn,Prospect,417884,Florida
2024-01-09,Referral,Won,113930,Texas
2024-01-10,LinkedIn,Proposal,347407,Georgia
2024-01-11,Email,Prospect,227807,Georgia
2024-01-12,Email,Prospect,252846,Colorado
2024-01-13,Email,Proposal,255966,Washington
2024-01-14,TikTok,Qualified,52407,Arizona
2024-01-15,LinkedIn,Won,370885,California
2024-01-16,Google_Ads,Prospect,498339,Florida
2024-01-17,LinkedIn,Qualified,68582,Washington
2024-01-18,Referral,Proposal,214752,Georgia
2024-01-19,Google_Ads,Proposal,66092,Florida
2024-01-20,Google_Ads,Won,104775,Florida
2024-01-21,LinkedIn,Won,271848,Illinois
2024-01-22,Google_Ads,Proposal,461998,California
2024-01-23,LinkedIn,Won,270105,California
2024-01-24,Referral,Qualified,308767,New York
2024-01-25,Google_Ads,Won,325504,Colorado
2024-01-26,Referral,Proposal,390086,Illinois
2024-01-27,LinkedIn,Qualified,285907,Texas
2024-01-28,Referral,Proposal,294606,Washington
2024-01-29,Referral,Qualified,67444,Georgia
2024-01-30,Referral,Won,475201,New Jersey
2024-01-31,LinkedIn,Won,274249,Florida
2024-02-01,TikTok,Proposal,292627,Georgia
2024-02-02,Referral,Lost,153472,Arizona
2024-02-03,Email,Qualified,260346,Washington
2024-02-04,TikTok,Prospect,157789,Illinois
2024-02-05,Google_Ads,Lost,123073,California
2024-02-06,Google_Ads,Proposal,405084,Colorado
2024-02-07,LinkedIn,Qualified,125248,Georgia
2024-02-08,Referral,Lost,474559,Georgia
2024-02-09,TikTok,Proposal,370111,Arizona
2024-02-10,Referral,Qualified,495494,Illinois
2024-02-11,LinkedIn,Won,421157,Texas
2024-02-12,Google_Ads,Proposal,458268,Florida
2024-02-13,TikTok,Lost,458626,Washington
2024-02-14,Google_Ads,Won,303034,New Jersey
2024-02-15,Email,Won,133933,Georgia
2024-02-16,TikTok,Proposal,340055,Washington
2024-02-17,LinkedIn,Qualified,423072,Arizona
2024-02-18,TikTok,Qualified,276653,New York
2024-02-19,LinkedIn,Won,174535,Colorado
2024-02-20,TikTok,Prospect,233927,Georgia
2024-02-21,LinkedIn,Lost,399659,New Jersey
2024-02-22,Referral,Won,132183,Georgia
2024-02-23,Google_Ads,Won,355839,Washington
2024-02-24,Email,Lost,390005,New Jersey
2024-02-25,Referral,Prospect,473339,Washington
2024-02-26,TikTok,Lost,339519,Georgia
2024-02-27,LinkedIn,Proposal,359448,Texas
2024-02-28,Google_Ads,Prospect,462143,Florida
2024-02-29,LinkedIn,Won,255547,Georgia
2024-03-01,Email,Prospect,146794,Washington
2024-03-02,Email,Won,225515,New York
2024-03-03,LinkedIn,Lost,344491,New York
2024-03-04,LinkedIn,Qualified,97450,Illinois
2024-03-05,LinkedIn,Proposal,235593,Colorado
2024-03-06,Email,Proposal,93595,Texas
2024-03-07,LinkedIn,Proposal,303534,Colorado
2024-03-08,Referral,Proposal,405866,Washington
2024-03-09,TikTok,Qualified,372740,Florida
2024-03-10,Referral,Prospect,483918,California
2024-03-11,Referral,Lost,459516,Washington
2024-03-12,LinkedIn,Prospect,495074,Florida
2024-03-13,Email,Proposal,63927,Georgia
2024-03-14,Google_Ads,Proposal,411430,New Jersey
2024-03-15,LinkedIn,Lost,136203,New York
2024-03-16,LinkedIn,Prospect,296345,Arizona
2024-03-17,TikTok,Lost,210257,Georgia
2024-03-18,TikTok,Won,478999,New York
2024-03-19,Email,Lost,346592,Arizona
2024-03-20,Email,Proposal,237928,Texas
2024-03-21,Email,Qualified,75010,New York
2024-03-22,LinkedIn,Qualified,341946,Florida
2024-03-23,TikTok,Qualified,108528,Georgia
2024-03-24,Email,Lost,271236,Washington
2024-03-25,Referral,Prospect,447126,New York
2024-03-26,Email,Won,414939,Colorado
2024-03-27,LinkedIn,Qualified,59055,Florida
2024-03-28,Referral,Proposal,87181,Washington
2024-03-29,TikTok,Proposal,268029,Washington
2024-03-30,LinkedIn,Lost,354851,Illinois
2024-01-01,Google_Ads,Won,162650,Florida
2024-01-02,LinkedIn,Proposal,254702,Illinois
2024-01-03,Referral,Won,217906,California
2024-01-04,TikTok,Prospect,395173,Colorado
2024-01-05,Email,Qualified,280966,California
2024-01-06,TikTok,Lost,457380,Illinois
2024-01-07,Email,Won,487918,California
2024-01-08,Google_Ads,Won,371418,Colorado
2024-01-09,Referral,Lost,395992,Colorado
2024-01-10,Referral,Prospect,294824,New Jersey
2024-01-11,Referral,Prospect,320300,Texas
2024-01-12,Referral,Won,359285,Illinois
2024-01-13,Email,Lost,101017,New Jersey
2024-01-14,Google_Ads,Prospect,90166,Florida
2024-01-15,Referral,Lost,402076,Georgia
2024-01-16,Referral,Qualified,323468,Washington
2024-01-17,Email,Won,232588,New Jersey
2024-01-18,Google_Ads,Qualified,72293,New York
2024-01-19,LinkedIn,Lost,474592,Washington
2024-01-20,Google_Ads,Proposal,361588,Texas
2024-01-21,TikTok,Proposal,246705,Texas
2024-01-22,LinkedIn,Proposal,117117,California
2024-01-23,Referral,Won,408614,Georgia
2024-01-24,LinkedIn,Prospect,341989,Washington
2024-01-25,LinkedIn,Qualified,143890,Texas
2024-01-26,Google_Ads,Won,208754,Texas
2024-01-27,Referral,Lost,442771,Washington
2024-01-28,TikTok,Qualified,157267,New Jersey
2024-01-29,TikTok,Qualified,149569,Washington
2024-01-30,Email,Lost,465007,New Jersey
2024-01-31,Google_Ads,Lost,223982,New York
2024-02-01,LinkedIn,Won,327858,Arizona
2024-02-02,Referral,Prospect,111808,Arizona
2024-02-03,Referral,Won,374225,New York
2024-02-04,Referral,Won,484032,Georgia
2024-02-05,TikTok,Proposal,277495,Arizona
2024-02-06,LinkedIn,Qualified,130406,New Jersey
2024-02-07,TikTok,Qualified,129160,Washington
2024-02-08,Email,Won,100426,California
2024-02-09,TikTok,Lost,468082,Texas
2024-02-10,TikTok,Won,152638,California
2024-02-11,Email,Won,376851,Georgia
2024-02-12,Referral,Prospect,304316,Illinois
2024-02-13,Google_Ads,Qualified,217739,Colorado
2024-02-14,Referral,Prospect,222330,Georgia
2024-02-15,Email,Won,401774,Washington
2024-02-16,Referral,Prospect,478056,Florida
2024-02-17,Google_Ads,Lost,214595,Florida
2024-02-18,Google_Ads,Prospect,478144,Florida
2024-02-19,Email,Won,183022,Georgia
2024-02-20,Referral,Qualified,76724,Washington
2024-02-21,LinkedIn,Qualified,434256,New York
2024-02-22,LinkedIn,Proposal,416649,California
2024-02-23,Email,Qualified,376582,Florida
2024-02-24,Referral,Proposal,393192,New Jersey
2024-02-25,Google_Ads,Qualified,185027,Illinois
2024-02-26,LinkedIn,Lost,109505,New Jersey
2024-02-27,LinkedIn,Won,272707,Georgia
2024-02-28,Email,Proposal,341606,Illinois
2024-02-29,TikTok,Won,167121,Texas
2024-03-01,LinkedIn,Proposal,158992,Illinois
2024-03-02,LinkedIn,Qualified,265392,Washington
2024-03-03,Google_Ads,Lost,176406,Arizona
2024-03-04,Email,Won,422430,Arizona
2024-03-05,TikTok,Proposal,137370,New York
2024-03-06,LinkedIn,Lost,251920,Arizona
2024-03-07,TikTok,Prospect,447529,California
2024-03-08,LinkedIn,Won,51539,New York
2024-03-09,TikTok,Lost,451162,Illinois
2024-03-10,Google_Ads,Qualified,160643,Washington
2024-03-11,Email,Won,215487,California
2024-03-12,LinkedIn,Won,160057,Illinois
2024-03-13,Email,Won,115371,Georgia
2024-03-14,TikTok,Proposal,56199,Arizona
2024-03-15,Referral,Proposal,461041,Illinois
2024-03-16,Google_Ads,Won,75599,Washington
2024-03-17,Email,Won,80103,New York
2024-03-18,Email,Proposal,284885,Washington
2024-03-19,Google_Ads,Proposal,209402,Washington
2024-03-20,Email,Lost,266492,Texas
2024-03-21,TikTok,Qualified,333407,Arizona
2024-03-22,Email,Won,320737,Colorado
2024-03-23,Referral,Proposal,338239,Georgia
2024-03-24,Email,Prospect,144879,Texas
2024-03-25,TikTok,Qualified,184190,Florida
2024-03-26,Referral,Qualified,226388,Washington
2024-03-27,Referral,Lost,261118,Washington
2024-03-28,Email,Lost,252921,Arizona
2024-03-29,TikTok,Lost,292090,Arizona
2024-03-30,TikTok,Qualified,61502,Colorado
2024-01-01,Google_Ads,Lost,223082,Illinois
2024-01-02,TikTok,Won,476274,Colorado
2024-01-03,TikTok,Prospect,447167,Illinois
2024-01-04,Referral,Qualified,371476,New Jersey
2024-01-05,Google_Ads,Lost,365755,Texas
2024-01-06,Google_Ads,Qualified,424475,Arizona
2024-01-07,Email,Won,130360,Washington
2024-01-08,Email,Qualified,191146,Illinois
2024-01-09,Email,Qualified,480701,Washington
2024-01-10,Referral,Lost,289945,California
2024-01-11,Referral,Won,269163,Washington
2024-01-12,LinkedIn,Lost,225858,New York
2024-01-13,Email,Won,126200,California
2024-01-14,LinkedIn,Prospect,485796,New Jersey
2024-01-15,Google_Ads,Proposal,478198,Georgia
2024-01-16,Referral,Qualified,361895,Colorado
2024-01-17,LinkedIn,Prospect,377145,California
2024-01-18,TikTok,Won,434553,Texas
2024-01-19,LinkedIn,Won,51676,Arizona
2024-01-20,Referral,Proposal,348144,Colorado
2024-01-21,Email,Qualified,172275,Texas
2024-01-22,LinkedIn,Prospect,473150,California
2024-01-23,Google_Ads,Proposal,180548,Arizona
2024-01-24,TikTok,Prospect,346244,California
2024-01-25,Google_Ads,Prospect,438642,Illinois
2024-01-26,TikTok,Qualified,237438,Florida
2024-01-27,Referral,Qualified,239030,Washington
2024-01-28,Email,Proposal,421362,Colorado
2024-01-29,LinkedIn,Prospect,85043,New Jersey
2024-01-30,TikTok,Prospect,360947,Colorado
2024-01-31,Referral,Qualified,101357,Arizona
2024-02-01,Google_Ads,Prospect,280514,Georgia
2024-02-02,TikTok,Prospect,481715,Illinois
2024-02-03,Google_Ads,Lost,169125,Illinois
2024-02-04,LinkedIn,Proposal,85452,Florida
2024-02-05,Email,Prospect,233664,Washington
2024-02-06,TikTok,Lost,449748,Arizona
2024-02-07,TikTok,Prospect,165904,California
2024-02-08,Referral,Qualified,149093,Texas
2024-02-09,Referral,Prospect,81446,Colorado
2024-02-10,Referral,Proposal,99447,Colorado
2024-02-11,TikTok,Proposal,451696,New Jersey
2024-02-12,Referral,Prospect,143160,Florida
2024-02-13,Google_Ads,Won,403008,Texas
2024-02-14,Referral,Prospect,148580,California
2024-02-15,Google_Ads,Proposal,320742,Arizona
2024-02-16,Referral,Won,220633,California
2024-02-17,TikTok,Prospect,69936,Texas
2024-02-18,Google_Ads,Prospect,202426,New York
2024-02-19,TikTok,Lost,290474,Colorado
2024-02-20,Google_Ads,Qualified,430633,Texas
2024-02-21,Google_Ads,Prospect,424670,New York
2024-02-22,Referral,Lost,65125,New Jersey
2024-02-23,TikTok,Qualified,212398,New York
2024-02-24,Referral,Won,240243,Washington
2024-02-25,LinkedIn,Prospect,221240,Georgia
2024-02-26,Referral,Won,350322,Florida
2024-02-27,TikTok,Lost,251320,Illinois
2024-02-28,Email,Won,76155,Arizona
2024-02-29,TikTok,Won,149725,Georgia
2024-03-01,TikTok,Prospect,180030,Georgia
2024-03-02,LinkedIn,Lost,133606,Colorado
2024-03-03,Google_Ads,Prospect,361833,Washington
2024-03-04,TikTok,Won,488557,Illinois
2024-03-05,LinkedIn,Qualified,464696,California
2024-03-06,LinkedIn,Won,79088,New York
2024-03-07,LinkedIn,Won,123766,Arizona
2024-03-08,Email,Qualified,410766,Colorado
2024-03-09,LinkedIn,Lost,236495,Arizona
2024-03-10,Referral,Qualified,109092,New York
2024-03-11,LinkedIn,Qualified,362261,Colorado
2024-03-12,LinkedIn,Prospect,378538,New York
2024-03-13,Email,Lost,396632,Florida
2024-03-14,Google_Ads,Won,173373,California
2024-03-15,LinkedIn,Proposal,117370,Illinois
2024-03-16,TikTok,Proposal,81389,Florida
2024-03-17,Email,Proposal,471722,Colorado
2024-03-18,Google_Ads,Qualified,277511,New Jersey
2024-03-19,Referral,Prospect,436248,New York
2024-03-20,LinkedIn,Prospect,278910,Texas
2024-03-21,TikTok,Qualified,145934,New York
2024-03-22,Email,Prospect,231291,Arizona
2024-03-23,Referral,Won,461476,California
2024-03-24,Google_Ads,Proposal,141644,Florida
2024-03-25,Email,Won,364946,Colorado
2024-03-26,Google_Ads,Proposal,467903,Illinois
2024-03-27,TikTok,Proposal,469413,Georgia
2024-03-28,LinkedIn,Won,422532,Georgia
2024-03-29,Referral,Prospect,455134,Texas
2024-03-30,TikTok,Lost,273972,New Jersey
2024-01-01,TikTok,Lost,317424,Illinois
2024-01-02,Referral,Prospect,357231,New York
2024-01-03,Google_Ads,Won,159389,Georgia
2024-01-04,Referral,Lost,313467,Georgia
2024-01-05,Email,Proposal,182322,Georgia
2024-01-06,Email,Lost,104684,Texas
2024-01-07,Google_Ads,Lost,234780,Colorado
2024-01-08,Google_Ads,Qualified,81686,New Jersey
2024-01-09,Email,Won,123943,New York
2024-01-10,LinkedIn,Proposal,389921,New York
2024-01-11,LinkedIn,Prospect,52794,Georgia
2024-01-12,Google_Ads,Qualified,123747,New York
2024-01-13,LinkedIn,Proposal,284900,California
2024-01-14,TikTok,Qualified,453843,Florida
2024-01-15,Referral,Qualified,406774,Illinois
2024-01-16,TikTok,Qualified,362201,California
2024-01-17,Google_Ads,Qualified,407528,Georgia
2024-01-18,TikTok,Proposal,260747,Colorado
2024-01-19,Email,Lost,322191,Texas
2024-01-20,Referral,Prospect,86901,Texas
2024-01-21,Referral,Prospect,236367,California
2024-01-22,Google_Ads,Won,407622,Texas
2024-01-23,Referral,Won,397748,Georgia
2024-01-24,Email,Prospect,188134,Georgia
2024-01-25,Google_Ads,Qualified,192567,New York
2024-01-26,Google_Ads,Prospect,399695,New Jersey
2024-01-27,Google_Ads,Lost,245354,Georgia
2024-01-28,Referral,Qualified,125167,Illinois
2024-01-29,Email,Won,429514,New Jersey
2024-01-30,Referral,Prospect,300346,Georgia
2024-01-31,TikTok,Qualified,129372,Texas
2024-02-01,Referral,Proposal,173809,Georgia
2024-02-02,Email,Prospect,434250,Washington
2024-02-03,TikTok,Won,366676,Texas
2024-02-04,Referral,Qualified,164733,Washington
2024-02-05,Google_Ads,Won,342284,Colorado
2024-02-06,Email,Won,494214,New York
2024-02-07,Google_Ads,Won,449766,Florida
2024-02-08,Referral,Qualified,237296,New Jersey
2024-02-09,Google_Ads,Won,438559,Washington
2024-02-10,Email,Lost,415065,New York
2024-02-11,Referral,Proposal,456308,New York
2024-02-12,TikTok,Won,362085,Arizona
2024-02-13,Referral,Qualified,290266,Colorado
2024-02-14,LinkedIn,Lost,68272,Arizona
2024-02-15,TikTok,Lost,106601,Colorado
2024-02-16,Referral,Qualified,440431,New Jersey
2024-02-17,Google_Ads,Prospect,124372,Illinois
2024-02-18,TikTok,Won,285085,Colorado
2024-02-19,Referral,Prospect,411685,Florida
2024-02-20,Google_Ads,Won,210900,Texas
2024-02-21,LinkedIn,Qualified,128897,Washington
2024-02-22,Email,Proposal,427197,Arizona
2024-02-23,LinkedIn,Qualified,323639,Texas
2024-02-24,Email,Won,151508,Florida
2024-02-25,TikTok,Qualified,338822,Washington
2024-02-26,Google_Ads,Qualified,99132,Illinois
2024-02-27,LinkedIn,Qualified,344988,Colorado
2024-02-28,Email,Prospect,252305,New Jersey
2024-02-29,Referral,Proposal,213000,California
2024-03-01,Email,Proposal,354925,Washington
2024-03-02,Referral,Proposal,66903,Colorado
2024-03-03,Email,Qualified,301849,Florida
2024-03-04,Email,Proposal,188096,Florida
2024-03-05,Referral,Lost,477460,Texas
2024-03-06,Google_Ads,Lost,326720,Georgia
2024-03-07,Email,Prospect,278037,Georgia
2024-03-08,Email,Prospect,407998,Georgia
2024-03-09,Referral,Prospect,154175,Georgia
2024-03-10,TikTok,Won,425004,Florida
2024-03-11,LinkedIn,Lost,398769,New Jersey
2024-03-12,Google_Ads,Proposal,484183,New Jersey
2024-03-13,Referral,Won,215181,Colorado
2024-03-14,Referral,Qualified,191018,Georgia
2024-03-15,TikTok,Proposal,198666,Colorado
2024-03-16,Email,Qualified,197854,Arizona
2024-03-17,Email,Qualified,355558,Colorado
2024-03-18,Referral,Lost,55932,Colorado
2024-03-19,Referral,Qualified,232531,Colorado
2024-03-20,Referral,Prospect,301557,Texas
2024-03-21,Referral,Proposal,167074,Georgia
2024-03-22,Email,Prospect,240917,Illinois
2024-03-23,Referral,Qualified,347872,Arizona
2024-03-24,Referral,Proposal,138429,Colorado
2024-03-25,Email,Prospect,195670,Florida
2024-03-26,Referral,Qualified,192360,New Jersey
2024-03-27,Google_Ads,Proposal,435773,Colorado
2024-03-28,Google_Ads,Proposal,443154,New Jersey
2024-03-29,TikTok,Prospect,218444,Texas
2024-03-30,LinkedIn,Lost,236682,Georgia
2024-01-01,TikTok,Proposal,402163,Arizona
2024-01-02,Email,Qualified,477020,Washington
2024-01-03,Email,Lost,346314,New Jersey
2024-01-04,Email,Qualified,198724,New York
2024-01-05,Email,Lost,310493,Arizona
2024-01-06,Email,Proposal,242151,Illinois
2024-01-07,TikTok,Qualified,276038,Florida
2024-01-08,TikTok,Prospect,87940,Colorado
2024-01-09,LinkedIn,Proposal,476699,New Jersey
2024-01-10,Referral,Won,470341,Washington
2024-01-11,Email,Proposal,499246,Colorado
2024-01-12,Referral,Qualified,446456,Illinois
2024-01-13,Email,Qualified,360333,Illinois
2024-01-14,Google_Ads,Prospect,96551,Florida
2024-01-15,LinkedIn,Won,180259,New York
2024-01-16,LinkedIn,Lost,63185,New York
2024-01-17,TikTok,Prospect,363686,Georgia
2024-01-18,Google_Ads,Lost,90694,Texas
2024-01-19,Email,Prospect,429282,Georgia
2024-01-20,Google_Ads,Won,98905,Colorado
2024-01-21,Email,Qualified,405408,Texas
2024-01-22,TikTok,Qualified,113993,New Jersey
2024-01-23,Email,Lost,343689,Florida
2024-01-24,TikTok,Lost,262267,Texas
2024-01-25,LinkedIn,Qualified,100578,California
2024-01-26,TikTok,Prospect,378082,New Jersey
2024-01-27,Google_Ads,Prospect,258246,Florida
2024-01-28,Google_Ads,Prospect,324602,Florida
2024-01-29,Google_Ads,Prospect,97950,Washington
2024-01-30,Referral,Prospect,234808,Arizona
2024-01-31,Email,Won,215521,New Jersey
2024-02-01,LinkedIn,Lost,251908,Washington
2024-02-02,LinkedIn,Lost,368986,Arizona
2024-02-03,Referral,Proposal,345734,Arizona
2024-02-04,Google_Ads,Proposal,100202,Illinois
2024-02-05,Google_Ads,Prospect,444728,Washington
2024-02-06,TikTok,Won,141340,Texas
2024-02-07,LinkedIn,Prospect,286257,Colorado
2024-02-08,Referral,Prospect,297004,New York
2024-02-09,LinkedIn,Lost,288125,Georgia
2024-02-10,Google_Ads,Prospect,254502,California
2024-02-11,LinkedIn,Qualified,338618,Arizona
2024-02-12,Email,Lost,321102,New York
2024-02-13,Google_Ads,Qualified,259704,New York
2024-02-14,Referral,Proposal,336011,Florida
2024-02-15,Referral,Lost,492491,Arizona
2024-02-16,Email,Prospect,76386,Arizona
2024-02-17,LinkedIn,Won,219627,New York
2024-02-18,Referral,Lost,171947,Illinois
2024-02-19,LinkedIn,Prospect,360525,Arizona
2024-02-20,Referral,Lost,443427,Colorado
2024-02-21,Email,Won,291641,Georgia
2024-02-22,Referral,Lost,159332,Arizona
2024-02-23,Referral,Qualified,129142,Florida
2024-02-24,LinkedIn,Prospect,482075,New Jersey
2024-02-25,Email,Lost,170883,Florida
2024-02-26,LinkedIn,Qualified,469663,Georgia
2024-02-27,Referral,Qualified,457858,New York
2024-02-28,TikTok,Qualified,324293,California
2024-02-29,Google_Ads,Lost,210835,Washington
2024-03-01,Google_Ads,Prospect,111804,Florida
2024-03-02,TikTok,Lost,155255,California
2024-03-03,Email,Won,369626,Georgia
2024-03-04,Referral,Lost,173349,Florida
2024-03-05,TikTok,Won,225715,New York
2024-03-06,Referral,Proposal,242197,Washington
2024-03-07,Email,Qualified,424308,Illinois
2024-03-08,LinkedIn,Lost,280223,Washington
2024-03-09,TikTok,Won,325456,Washington
2024-03-10,LinkedIn,Prospect,438207,New Jersey
2024-03-11,Email,Proposal,232059,Illinois
2024-03-12,Google_Ads,Qualified,323186,California
2024-03-13,Referral,Lost,409683,California
2024-03-14,TikTok,Prospect,196202,Colorado
2024-03-15,LinkedIn,Qualified,61919,New York
2024-03-16,Referral,Prospect,303629,New Jersey
2024-03-17,Email,Lost,383900,California
2024-03-18,Email,Won,204851,Washington
2024-03-19,Email,Proposal,73166,Washington
2024-03-20,Google_Ads,Prospect,450710,Texas
2024-03-21,Referral,Qualified,207113,Florida
2024-03-22,TikTok,Proposal,68049,California
2024-03-23,Referral,Qualified,170126,Colorado
2024-03-24,TikTok,Won,166180,Arizona
2024-03-25,Email,Qualified,441447,Colorado
2024-03-26,Email,Proposal,118304,Arizona
2024-03-27,LinkedIn,Prospect,59803,Colorado
2024-03-28,Email,Prospect,338234,Georgia
2024-03-29,Email,Qualified,316553,Illinois
2024-03-30,Google_Ads,Qualified,308524,Florida
2024-01-01,Email,Prospect,288501,Texas
2024-01-02,Referral,Proposal,58218,New York
2024-01-03,Google_Ads,Qualified,272583,Arizona
2024-01-04,LinkedIn,Won,78621,New York
2024-01-05,TikTok,Won,389233,Georgia
2024-01-06,TikTok,Lost,123150,Florida
2024-01-07,LinkedIn,Won,253830,Illinois
2024-01-08,Referral,Prospect,450282,Colorado
2024-01-09,Google_Ads,Proposal,70632,Washington
2024-01-10,Referral,Lost,207763,Washington
2024-01-11,Google_Ads,Won,401063,Texas
2024-01-12,Google_Ads,Prospect,390260,Florida
2024-01-13,LinkedIn,Qualified,124378,Florida
2024-01-14,Referral,Lost,383125,Texas
2024-01-15,TikTok,Lost,482793,California
2024-01-16,LinkedIn,Proposal,427255,California
2024-01-17,Referral,Qualified,275117,Texas
2024-01-18,Referral,Won,358261,California
2024-01-19,LinkedIn,Proposal,119262,Arizona
2024-01-20,Email,Proposal,167725,Colorado
2024-01-21,Google_Ads,Won,439031,California
2024-01-22,LinkedIn,Qualified,331148,Georgia
2024-01-23,TikTok,Lost,280739,Colorado
2024-01-24,Email,Lost,205017,New York
2024-01-25,Referral,Prospect,461083,New Jersey
2024-01-26,LinkedIn,Prospect,210465,New York
2024-01-27,TikTok,Qualified,391489,Texas
2024-01-28,Referral,Qualified,438918,California
2024-01-29,Google_Ads,Proposal,101414,Arizona
2024-01-30,Email,Lost,478129,Florida
2024-01-31,LinkedIn,Prospect,167561,Texas
2024-02-01,Referral,Prospect,81115,New Jersey
2024-02-02,TikTok,Proposal,236973,Colorado
2024-02-03,Google_Ads,Proposal,241094,Texas
2024-02-04,Referral,Prospect,60361,Colorado
2024-02-05,LinkedIn,Proposal,164882,Arizona
2024-02-06,Email,Lost,296656,New York
2024-02-07,Google_Ads,Won,292504,Arizona
2024-02-08,Google_Ads,Qualified,227429,California
2024-02-09,LinkedIn,Prospect,57332,Arizona
2024-02-10,TikTok,Proposal,217713,Texas
2024-02-11,TikTok,Prospect,174836,New Jersey
2024-02-12,Referral,Prospect,133280,Florida
2024-02-13,TikTok,Proposal,256807,Georgia
2024-02-14,Email,Won,156580,New Jersey
2024-02-15,Google_Ads,Lost,478050,Arizona
2024-02-16,LinkedIn,Proposal,170261,New Jersey
2024-02-17,Referral,Lost,425814,Arizona
2024-02-18,Referral,Proposal,220535,California
2024-02-19,TikTok,Lost,333611,Washington
2024-02-20,TikTok,Qualified,297572,Washington
2024-02-21,Email,Won,155166,Washington
2024-02-22,LinkedIn,Prospect,237627,New York
2024-02-23,Referral,Qualified,316724,Florida
2024-02-24,Referral,Won,474616,Texas
2024-02-25,Referral,Qualified,167552,New Jersey
2024-02-26,Email,Qualified,357388,Georgia
2024-02-27,TikTok,Proposal,199820,Arizona
2024-02-28,Referral,Qualified,314089,Florida
2024-02-29,TikTok,Qualified,245179,Arizona
2024-03-01,TikTok,Proposal,356316,Illinois
2024-03-02,LinkedIn,Qualified,204113,Arizona
2024-03-03,TikTok,Qualified,450963,Illinois
2024-03-04,Email,Won,465447,California
2024-03-05,Google_Ads,Proposal,284821,Florida
2024-03-06,LinkedIn,Qualified,205152,Texas
2024-03-07,Email,Proposal,479732,New York
2024-03-08,Email,Prospect,68233,New York
2024-03-09,Referral,Qualified,269272,Washington
2024-03-10,Referral,Lost,122333,California
2024-03-11,Referral,Won,450483,Georgia
2024-03-12,Email,Won,313603,Colorado
2024-03-13,TikTok,Proposal,279395,Florida
2024-03-14,TikTok,Prospect,163291,Colorado
2024-03-15,Email,Lost,451720,New York
2024-03-16,Referral,Won,391734,Arizona
2024-03-17,LinkedIn,Lost,284658,Illinois
2024-03-18,Referral,Qualified,58158,Colorado
2024-03-19,Referral,Won,444820,Illinois
2024-03-20,TikTok,Lost,374172,Illinois
2024-03-21,LinkedIn,Won,498629,Colorado
2024-03-22,Referral,Won,71562,Illinois
2024-03-23,Email,Qualified,302372,Arizona
2024-03-24,Email,Prospect,235448,Arizona
2024-03-25,Google_Ads,Proposal,390056,New Jersey
2024-03-26,Email,Lost,130624,Washington
2024-03-27,LinkedIn,Prospect,326557,Colorado
2024-03-28,TikTok,Proposal,60913,Texas
2024-03-29,Google_Ads,Proposal,444977,New Jersey
2024-03-30,TikTok,Proposal,350534,New York
2024-01-01,Email,Proposal,113562,California
2024-01-02,LinkedIn,Proposal,242877,Florida
2024-01-03,Referral,Won,181738,New York
2024-01-04,LinkedIn,Lost,420900,Washington
2024-01-05,TikTok,Proposal,434206,Texas
2024-01-06,Google_Ads,Proposal,87290,New Jersey
2024-01-07,Email,Lost,165042,New Jersey
2024-01-08,Google_Ads,Proposal,430095,Georgia
2024-01-09,LinkedIn,Lost,181981,Illinois
2024-01-10,TikTok,Qualified,432938,Arizona
2024-01-11,Google_Ads,Proposal,334547,New Jersey
2024-01-12,Referral,Proposal,459485,Washington
2024-01-13,LinkedIn,Proposal,499344,Florida
2024-01-14,TikTok,Qualified,231360,Texas
2024-01-15,Email,Prospect,436317,Illinois
2024-01-16,Google_Ads,Prospect,153837,Illinois
2024-01-17,Google_Ads,Lost,394531,Florida
2024-01-18,Google_Ads,Proposal,337104,Colorado
2024-01-19,Email,Won,408989,New Jersey
2024-01-20,Google_Ads,Prospect,67565,Texas
2024-01-21,Referral,Proposal,126029,Colorado
2024-01-22,Google_Ads,Qualified,163391,California
2024-01-23,Referral,Lost,448280,Arizona
2024-01-24,Google_Ads,Lost,191773,New York
2024-01-25,Google_Ads,Prospect,412301,Georgia
2024-01-26,Referral,Proposal,324729,New Jersey
2024-01-27,TikTok,Won,279661,Illinois
2024-01-28,Referral,Lost,257590,California
2024-01-29,TikTok,Lost,66804,Colorado
2024-01-30,Email,Lost,117566,Arizona
2024-01-31,Referral,Qualified,482845,Illinois
2024-02-01,Referral,Qualified,190192,Illinois
2024-02-02,Referral,Proposal,79886,Washington
2024-02-03,LinkedIn,Proposal,285136,New Jersey
2024-02-04,LinkedIn,Won,324186,Texas
2024-02-05,TikTok,Prospect,210760,Colorado
2024-02-06,LinkedIn,Lost,290358,California
2024-02-07,Email,Qualified,469845,Illinois
2024-02-08,Referral,Qualified,399017,Florida
2024-02-09,TikTok,Prospect,288198,Texas
2024-02-10,Referral,Proposal,84016,Texas
2024-02-11,Referral,Proposal,106777,Illinois
2024-02-12,Email,Qualified,145741,Texas
2024-02-13,Referral,Lost,130078,Washington
2024-02-14,TikTok,Won,112504,Georgia
2024-02-15,Google_Ads,Prospect,132071,Georgia
2024-02-16,Email,Qualified,145927,Washington
2024-02-17,TikTok,Prospect,88972,Florida
2024-02-18,Google_Ads,Qualified,196719,Washington
2024-02-19,LinkedIn,Proposal,219646,New Jersey
2024-02-20,LinkedIn,Proposal,118761,Texas
2024-02-21,TikTok,Prospect,58042,California
2024-02-22,TikTok,Won,351426,Georgia
2024-02-23,Referral,Prospect,486560,Georgia
2024-02-24,Referral,Lost,246360,Georgia
2024-02-25,Google_Ads,Lost,407935,Georgia
2024-02-26,LinkedIn,Proposal,165205,New York
2024-02-27,Referral,Qualified,114493,Arizona
2024-02-28,Google_Ads,Won,106834,Washington
2024-02-29,Google_Ads,Won,213243,Illinois
2024-03-01,TikTok,Proposal,390138,Georgia
2024-03-02,Email,Prospect,254354,Illinois
2024-03-03,Google_Ads,Prospect,103534,Georgia
2024-03-04,Email,Won,489320,Georgia
2024-03-05,TikTok,Proposal,98991,Texas
2024-03-06,Google_Ads,Prospect,212556,Texas
2024-03-07,LinkedIn,Qualified,328367,New York
2024-03-08,Email,Prospect,97584,Colorado
2024-03-09,Referral,Proposal,204559,Arizona
2024-03-10,LinkedIn,Won,177020,Washington
2024-03-11,Email,Won,187742,Texas
2024-03-12,Google_Ads,Proposal,100741,New York
2024-03-13,Email,Qualified,216629,California
2024-03-14,Referral,Won,119445,Georgia
2024-03-15,LinkedIn,Prospect,144637,New York
2024-03-16,Google_Ads,Qualified,68977,Georgia
2024-03-17,LinkedIn,Qualified,259794,New Jersey
2024-03-18,Google_Ads,Proposal,176992,Florida
2024-03-19,LinkedIn,Lost,469447,Illinois
2024-03-20,Google_Ads,Proposal,363870,Arizona
2024-03-21,Referral,Won,452742,New Jersey
2024-03-22,Referral,Won,81947,Washington
2024-03-23,LinkedIn,Qualified,272915,New York
2024-03-24,LinkedIn,Won,237596,Washington
2024-03-25,Google_Ads,Proposal,268882,New Jersey
2024-03-26,Email,Prospect,57169,Washington
2024-03-27,Google_Ads,Proposal,176286,Arizona
2024-03-28,Referral,Prospect,71370,Florida
2024-03-29,Google_Ads,Prospect,352111,Washington
2024-03-30,Email,Won,364845,Georgia
2024-01-01,Referral,Proposal,330809,California
2024-01-02,TikTok,Proposal,422039,California
2024-01-03,Email,Proposal,374981,Washington
2024-01-04,Google_Ads,Lost,287194,New Jersey
2024-01-05,Google_Ads,Proposal,186829,Texas
2024-01-06,LinkedIn,Proposal,92556,Washington
2024-01-07,Referral,Won,434247,New Jersey
2024-01-08,Google_Ads,Qualified,487562,Illinois
2024-01-09,TikTok,Qualified,159185,Texas
2024-01-10,TikTok,Lost,189408,Texas
2024-01-11,Google_Ads,Lost,109475,Colorado
2024-01-12,Email,Qualified,129063,California
2024-01-13,Google_Ads,Qualified,283528,California
2024-01-14,TikTok,Won,311132,Florida
2024-01-15,Referral,Prospect,241956,Texas
2024-01-16,Referral,Won,258112,Florida
2024-01-17,LinkedIn,Qualified,56040,New York
2024-01-18,Email,Prospect,401060,Washington
2024-01-19,Referral,Lost,452323,Colorado
2024-01-20,Email,Proposal,197341,Arizona
2024-01-21,TikTok,Lost,419081,Colorado
2024-01-22,Google_Ads,Lost,143854,Colorado
2024-01-23,Referral,Won,387464,Georgia
2024-01-24,Email,Proposal,171762,Illinois
2024-01-25,Email,Lost,307609,New Jersey
2024-01-26,LinkedIn,Proposal,353878,Georgia
2024-01-27,Google_Ads,Proposal,306707,Texas
2024-01-28,TikTok,Prospect,361627,Washington
2024-01-29,Google_Ads,Won,282304,Colorado
2024-01-30,TikTok,Lost,332442,Colorado
2024-01-31,LinkedIn,Lost,131737,Washington
2024-02-01,Referral,Prospect,52874,Georgia
2024-02-02,TikTok,Lost,87069,New York
2024-02-03,Referral,Won,77545,Arizona
2024-02-04,Google_Ads,Won,85023,Colorado
2024-02-05,Email,Prospect,291306,Georgia
2024-02-06,TikTok,Lost,385827,New Jersey
2024-02-07,TikTok,Proposal,75828,Arizona
2024-02-08,TikTok,Proposal,204500,Texas
2024-02-09,Google_Ads,Qualified,438529,Georgia
2024-02-10,TikTok,Won,90532,Colorado
2024-02-11,TikTok,Prospect,336701,Illinois
2024-02-12,Referral,Lost,323964,Colorado
2024-02-13,Email,Qualified,211888,California
2024-02-14,TikTok,Won,362244,Colorado
2024-02-15,LinkedIn,Prospect,89865,California
2024-02-16,LinkedIn,Proposal,230370,Texas
2024-02-17,LinkedIn,Proposal,82381,New Jersey
2024-02-18,Google_Ads,Prospect,310220,Colorado
2024-02-19,LinkedIn,Prospect,434059,New Jersey
2024-02-20,LinkedIn,Prospect,291768,Washington
2024-02-21,Referral,Won,123251,Georgia
2024-02-22,Google_Ads,Won,170541,Arizona
2024-02-23,Google_Ads,Prospect,128253,Arizona
2024-02-24,TikTok,Prospect,156317,Georgia
2024-02-25,Email,Qualified,475820,New Jersey
2024-02-26,TikTok,Prospect,300196,Illinois
2024-02-27,Google_Ads,Prospect,428039,Washington
2024-02-28,LinkedIn,Lost,326216,California
2024-02-29,Email,Lost,124115,Colorado
2024-03-01,Referral,Won,50279,New York
2024-03-02,TikTok,Lost,382412,Arizona
2024-03-03,Referral,Won,67493,Georgia
2024-03-04,Email,Qualified,242854,Texas
2024-03-05,Referral,Prospect,371884,California
2024-03-06,Email,Proposal,80047,Texas
2024-03-07,TikTok,Lost,134892,Colorado
2024-03-08,LinkedIn,Prospect,106667,Colorado
2024-03-09,Email,Qualified,238164,New York
2024-03-10,Google_Ads,Prospect,244000,Texas
2024-03-11,Referral,Proposal,249182,Washington
2024-03-12,TikTok,Qualified,394808,Florida
2024-03-13,TikTok,Prospect,151018,Washington
2024-03-14,LinkedIn,Qualified,454688,Florida
2024-03-15,LinkedIn,Prospect,149685,New Jersey
2024-03-16,Email,Lost,351448,New Jersey
2024-03-17,Email,Proposal,337633,Georgia
2024-03-18,LinkedIn,Proposal,100554,Illinois
2024-03-19,Google_Ads,Prospect,310481,California
2024-03-20,Referral,Proposal,83791,New Jersey
2024-03-21,TikTok,Proposal,442641,Arizona
2024-03-22,LinkedIn,Proposal,213696,Colorado
2024-03-23,LinkedIn,Prospect,140979,Texas
2024-03-24,Referral,Lost,145742,Colorado
2024-03-25,TikTok,Proposal,499949,Texas
2024-03-26,Email,Lost,434390,Georgia
2024-03-27,Email,Proposal,482104,Illinois
2024-03-28,Referral,Proposal,461137,Colorado
2024-03-29,LinkedIn,Proposal,248596,Arizona
2024-03-30,Referral,Lost,255304,Georgia
2024-01-01,LinkedIn,Prospect,448956,Colorado
2024-01-02,TikTok,Lost,411249,Florida
2024-01-03,Google_Ads,Qualified,353582,Washington
2024-01-04,LinkedIn,Lost,337571,Illinois
2024-01-05,LinkedIn,Won,309719,New Jersey
2024-01-06,LinkedIn,Qualified,183646,Georgia
2024-01-07,Referral,Prospect,341592,Washington
2024-01-08,Referral,Lost,294112,Arizona
2024-01-09,Email,Proposal,281953,Illinois
2024-01-10,Referral,Qualified,331211,New Jersey
2024-01-11,Email,Qualified,382873,Florida
2024-01-12,Google_Ads,Prospect,81748,Florida
2024-01-13,Google_Ads,Proposal,463004,New Jersey
2024-01-14,Email,Lost,143857,New Jersey
2024-01-15,LinkedIn,Qualified,224728,Arizona
2024-01-16,Google_Ads,Qualified,219975,Illinois
2024-01-17,TikTok,Lost,389314,Texas
2024-01-18,TikTok,Prospect,340189,Arizona
2024-01-19,Email,Won,122308,California
2024-01-20,Email,Prospect,470894,California
2024-01-21,Referral,Won,236115,Colorado
2024-01-22,Referral,Proposal,232709,Arizona
2024-01-23,TikTok,Proposal,99563,Illinois
2024-01-24,Google_Ads,Qualified,242575,New York
2024-01-25,Email,Qualified,368357,Georgia
2024-01-26,Google_Ads,Won,368290,Washington
2024-01-27,TikTok,Won,188617,Texas
2024-01-28,TikTok,Won,363407,Colorado
2024-01-29,LinkedIn,Prospect,202171,Washington
2024-01-30,Email,Lost,130348,Texas
2024-01-31,LinkedIn,Proposal,253116,California
2024-02-01,Email,Lost,494152,Georgia
2024-02-02,Google_Ads,Won,209211,Georgia
2024-02-03,Google_Ads,Qualified,221610,Colorado
2024-02-04,Referral,Qualified,153140,California
2024-02-05,Google_Ads,Won,372646,Arizona
2024-02-06,LinkedIn,Lost,351440,New Jersey
2024-02-07,LinkedIn,Prospect,390362,New Jersey
2024-02-08,TikTok,Prospect,86667,Colorado
2024-02-09,Google_Ads,Prospect,91723,Texas
2024-02-10,Email,Lost,429313,California
2024-02-11,Referral,Prospect,379438,Arizona
2024-02-12,LinkedIn,Qualified,257567,Arizona
2024-02-13,TikTok,Prospect,158490,Washington
2024-02-14,TikTok,Qualified,454554,Washington
2024-02-15,TikTok,Qualified,95415,New York
2024-02-16,Google_Ads,Proposal,131151,Texas
2024-02-17,TikTok,Prospect,337227,California
2024-02-18,Email,Qualified,240697,Florida
2024-02-19,LinkedIn,Qualified,382113,Florida
2024-02-20,LinkedIn,Won,216983,Arizona
2024-02-21,Referral,Qualified,333145,Washington
2024-02-22,Referral,Won,180843,Colorado
2024-02-23,LinkedIn,Lost,194382,California
2024-02-24,Referral,Proposal,261336,Colorado
2024-02-25,Email,Proposal,471435,Arizona
2024-02-26,TikTok,Qualified,323436,Illinois
2024-02-27,Email,Lost,190132,Washington
2024-02-28,Referral,Won,58984,New York
2024-02-29,Referral,Lost,140006,Georgia
2024-03-01,Referral,Prospect,124225,Florida
2024-03-02,Email,Proposal,448810,Illinois
2024-03-03,Email,Proposal,428586,California
2024-03-04,Google_Ads,Won,144381,Colorado
2024-03-05,TikTok,Qualified,78571,California
2024-03-06,Email,Won,165106,Washington
2024-03-07,Referral,Qualified,95929,California
2024-03-08,Google_Ads,Proposal,498640,New York
2024-03-09,LinkedIn,Proposal,185971,California
2024-03-10,TikTok,Qualified,134405,California
2024-03-11,Referral,Lost,128464,Texas
2024-03-12,Google_Ads,Prospect,193891,California
2024-03-13,LinkedIn,Lost,329438,New Jersey
2024-03-14,Email,Won,233782,Texas
2024-03-15,LinkedIn,Prospect,88655,New York
2024-03-16,Google_Ads,Qualified,113960,New York
2024-03-17,Google_Ads,Prospect,491892,New York
2024-03-18,TikTok,Lost,123708,Georgia
2024-03-19,Email,Lost,367832,Illinois
2024-03-20,Referral,Proposal,415898,Illinois
2024-03-21,Google_Ads,Won,205368,Georgia
2024-03-22,Referral,Won,131558,Illinois
2024-03-23,LinkedIn,Lost,210027,Florida
2024-03-24,Referral,Qualified,406591,California
2024-03-25,Email,Won,220976,California
2024-03-26,LinkedIn,Prospect,179597,Florida
2024-03-27,TikTok,Won,227981,Illinois
2024-03-28,Google_Ads,Qualified,230715,Arizona
2024-03-29,Email,Prospect,245839,Georgia
2024-03-30,Google_Ads,Proposal,197078,Florida
2024-01-01,LinkedIn,Prospect,82004,Washington
2024-01-02,Google_Ads,Lost,442736,New Jersey
2024-01-03,Referral,Prospect,415519,New Jersey
2024-01-04,TikTok,Prospect,405463,New Jersey
2024-01-05,Email,Lost,355399,Arizona
2024-01-06,Referral,Qualified,63738,Texas
2024-01-07,Email,Won,66723,New Jersey
2024-01-08,LinkedIn,Qualified,463187,Illinois
2024-01-09,Email,Prospect,463618,Arizona
2024-01-10,TikTok,Lost,131922,Illinois
2024-01-11,Google_Ads,Prospect,85987,Washington
2024-01-12,LinkedIn,Proposal,355136,Washington
2024-01-13,Email,Proposal,89928,Georgia
2024-01-14,LinkedIn,Qualified,462990,Georgia
2024-01-15,Email,Proposal,441948,Texas
2024-01-16,TikTok,Won,347964,New Jersey
2024-01-17,Google_Ads,Qualified,486951,Florida
2024-01-18,Google_Ads,Prospect,208091,Florida
2024-01-19,Email,Qualified,128213,Texas
2024-01-20,LinkedIn,Lost,426668,Colorado
2024-01-21,LinkedIn,Won,312254,Arizona
2024-01-22,Google_Ads,Qualified,125922,Illinois
2024-01-23,TikTok,Qualified,89661,New York
2024-01-24,LinkedIn,Lost,154259,Georgia
2024-01-25,TikTok,Won,411410,Florida
2024-01-26,LinkedIn,Prospect,372887,Texas
2024-01-27,Email,Proposal,309313,New Jersey
2024-01-28,Referral,Proposal,412700,Colorado
2024-01-29,Google_Ads,Lost,467981,Colorado
2024-01-30,Email,Proposal,410220,Texas
2024-01-31,Google_Ads,Lost,479515,California
2024-02-01,Email,Prospect,463550,New York
2024-02-02,Referral,Prospect,241603,California
2024-02-03,Google_Ads,Qualified,180431,Washington
2024-02-04,Google_Ads,Qualified,190171,Florida
2024-02-05,Google_Ads,Proposal,109580,California
2024-02-06,Google_Ads,Prospect,404930,Illinois
2024-02-07,Email,Proposal,493942,Florida
2024-02-08,TikTok,Lost,126684,Washington
2024-02-09,Google_Ads,Qualified,166036,Florida
2024-02-10,LinkedIn,Won,293637,New Jersey
2024-02-11,LinkedIn,Lost,386536,Washington
2024-02-12,Email,Lost,86425,Georgia
2024-02-13,Google_Ads,Lost,382336,California
2024-02-14,Referral,Qualified,366986,Washington
2024-02-15,Google_Ads,Proposal,108220,New Jersey
2024-02-16,Google_Ads,Proposal,283880,Colorado
2024-02-17,Email,Proposal,173528,New York
2024-02-18,LinkedIn,Won,411402,New Jersey
2024-02-19,LinkedIn,Lost,312602,Georgia
2024-02-20,Referral,Prospect,80840,California
2024-02-21,Google_Ads,Lost,161273,Georgia
2024-02-22,LinkedIn,Won,127844,Illinois
2024-02-23,TikTok,Won,295301,Texas
2024-02-24,Referral,Proposal,110094,New York
2024-02-25,Google_Ads,Proposal,100455,New York
2024-02-26,Google_Ads,Qualified,337431,Georgia
2024-02-27,Referral,Prospect,184841,California
2024-02-28,Google_Ads,Lost,335675,Florida
2024-02-29,Referral,Won,441856,Colorado
2024-03-01,TikTok,Lost,118844,Georgia
2024-03-02,Email,Prospect,67523,New Jersey
2024-03-03,TikTok,Won,458940,Georgia
2024-03-04,TikTok,Lost,259186,Colorado
2024-03-05,Email,Prospect,255429,Arizona
2024-03-06,TikTok,Lost,418259,Florida
2024-03-07,Google_Ads,Won,478496,Illinois
2024-03-08,TikTok,Qualified,283157,New York
2024-03-09,TikTok,Proposal,275661,Arizona
2024-03-10,LinkedIn,Lost,109038,California
2024-03-11,Email,Prospect,58961,Colorado
2024-03-12,LinkedIn,Proposal,462387,Arizona
2024-03-13,TikTok,Prospect,116185,Colorado
2024-03-14,Referral,Proposal,319687,Georgia
2024-03-15,Email,Proposal,169419,New Jersey
2024-03-16,Email,Proposal,244659,California
2024-03-17,LinkedIn,Won,415901,Washington
2024-03-18,TikTok,Lost,440026,Georgia
2024-03-19,Referral,Prospect,268483,Colorado
2024-03-20,Email,Proposal,475602,Florida
2024-03-21,TikTok,Proposal,421770,California
2024-03-22,LinkedIn,Lost,441486,Florida
2024-03-23,TikTok,Proposal,434423,Arizona
2024-03-24,Google_Ads,Lost,83367,New Jersey
2024-03-25,LinkedIn,Qualified,301950,Washington
2024-03-26,LinkedIn,Lost,304757,Florida
2024-03-27,Referral,Prospect,495169,New Jersey
2024-03-28,LinkedIn,Prospect,74054,Illinois
2024-03-29,Google_Ads,Qualified,171567,New York
2024-03-30,TikTok,Won,488241,Arizona
2024-01-01,LinkedIn,Prospect,126865,Georgia
2024-01-02,Email,Prospect,429273,New Jersey
2024-01-03,TikTok,Prospect,366443,Georgia
2024-01-04,TikTok,Won,216710,Georgia
2024-01-05,TikTok,Proposal,403794,Arizona
2024-01-06,Email,Lost,389626,Colorado
2024-01-07,LinkedIn,Won,73871,Texas
2024-01-08,Referral,Prospect,388725,New Jersey
2024-01-09,LinkedIn,Qualified,88137,California
2024-01-10,Email,Qualified,157772,Washington
2024-01-11,LinkedIn,Prospect,122612,Texas
2024-01-12,TikTok,Won,463070,Georgia
2024-01-13,Email,Prospect,485902,Colorado
2024-01-14,Google_Ads,Qualified,353717,New Jersey
2024-01-15,Google_Ads,Prospect,375526,Texas
2024-01-16,TikTok,Won,333054,Illinois
2024-01-17,Google_Ads,Prospect,467838,Georgia
2024-01-18,Referral,Qualified,227666,New Jersey
2024-01-19,Google_Ads,Lost,78249,Illinois
2024-01-20,TikTok,Lost,217085,Florida
2024-01-21,LinkedIn,Prospect,164012,New Jersey
2024-01-22,Google_Ads,Proposal,187570,Arizona
2024-01-23,Email,Proposal,239264,Georgia
2024-01-24,Email,Qualified,435292,New Jersey
2024-01-25,LinkedIn,Qualified,262743,Washington
2024-01-26,Google_Ads,Proposal,352365,New Jersey
2024-01-27,TikTok,Proposal,313679,California
2024-01-28,LinkedIn,Lost,445171,Florida
2024-01-29,LinkedIn,Qualified,254156,Washington
2024-01-30,TikTok,Prospect,497409,Illinois
2024-01-31,LinkedIn,Proposal,364334,Florida
2024-02-01,Email,Proposal,199590,New Jersey
2024-02-02,Google_Ads,Proposal,247619,California
2024-02-03,Referral,Qualified,316445,Washington
2024-02-04,Google_Ads,Lost,377491,Florida
2024-02-05,Referral,Proposal,258876,New York
2024-02-06,LinkedIn,Prospect,362709,Colorado
2024-02-07,Google_Ads,Qualified,382126,Texas
2024-02-08,Email,Won,136514,Colorado
2024-02-09,LinkedIn,Won,228214,Illinois
2024-02-10,Google_Ads,Proposal,494815,Texas
2024-02-11,Email,Proposal,427998,Colorado
2024-02-12,TikTok,Won,172100,California
2024-02-13,Referral,Won,303734,Arizona
2024-02-14,LinkedIn,Qualified,460759,Colorado
2024-02-15,TikTok,Qualified,268803,Arizona
2024-02-16,TikTok,Won,355948,Illinois
2024-02-17,LinkedIn,Prospect,336526,Georgia
2024-02-18,TikTok,Prospect,436167,New Jersey
2024-02-19,Referral,Lost,198504,Colorado
2024-02-20,LinkedIn,Qualified,249096,Texas
2024-02-21,Referral,Lost,490386,Colorado
2024-02-22,TikTok,Won,398867,Georgia
2024-02-23,Referral,Won,213624,Georgia
2024-02-24,Google_Ads,Proposal,245938,Florida
2024-02-25,Referral,Lost,179262,Georgia
2024-02-26,Referral,Proposal,426449,Washington
2024-02-27,LinkedIn,Lost,212343,New Jersey
2024-02-28,TikTok,Qualified,71581,Illinois
2024-02-29,Email,Qualified,123685,Washington
2024-03-01,LinkedIn,Proposal,190506,Texas
2024-03-02,Google_Ads,Lost,222873,Washington
2024-03-03,Google_Ads,Lost,339873,New York
2024-03-04,Google_Ads,Won,200094,California
2024-03-05,Google_Ads,Proposal,305976,Colorado
2024-03-06,LinkedIn,Won,73248,Colorado
2024-03-07,LinkedIn,Won,250907,Georgia
2024-03-08,LinkedIn,Proposal,272968,New York
2024-03-09,LinkedIn,Lost,225838,New York
2024-03-10,TikTok,Proposal,186663,California
2024-03-11,Email,Won,458104,Georgia
2024-03-12,LinkedIn,Prospect,119409,Colorado
2024-03-13,TikTok,Lost,432754,New Jersey
2024-03-14,Google_Ads,Proposal,335004,Georgia
2024-03-15,LinkedIn,Qualified,189837,Texas
2024-03-16,Email,Lost,191777,New York
2024-03-17,Email,Prospect,174409,New Jersey
2024-03-18,Referral,Lost,480433,California
2024-03-19,LinkedIn,Proposal,257034,New Jersey
2024-03-20,Email,Won,299240,California
2024-03-21,Referral,Lost,204172,Illinois
2024-03-22,LinkedIn,Prospect,257007,Georgia
2024-03-23,LinkedIn,Prospect,117508,Colorado
2024-03-24,TikTok,Prospect,327085,New York
2024-03-25,LinkedIn,Won,453148,Georgia
2024-03-26,TikTok,Prospect,257628,Texas
2024-03-27,TikTok,Lost,173548,Illinois
2024-03-28,LinkedIn,Prospect,409334,Washington
2024-03-29,Referral,Prospect,158413,Arizona
2024-03-30,LinkedIn,Qualified,290838,Georgia
2024-01-01,Email,Proposal,156272,Illinois
2024-01-02,Google_Ads,Lost,486365,Illinois
2024-01-03,Email,Prospect,446884,Illinois
2024-01-04,LinkedIn,Lost,293128,New York
2024-01-05,Google_Ads,Lost,330443,Georgia
2024-01-06,LinkedIn,Prospect,459974,Florida
2024-01-07,LinkedIn,Proposal,449773,Illinois
2024-01-08,LinkedIn,Won,129544,Arizona
2024-01-09,Google_Ads,Proposal,498449,New York
2024-01-10,TikTok,Lost,301439,Georgia
2024-01-11,Referral,Proposal,144461,Colorado
2024-01-12,Referral,Prospect,101057,Illinois
2024-01-13,Email,Won,77926,New Jersey
2024-01-14,LinkedIn,Qualified,156948,New Jersey
2024-01-15,Email,Won,151834,Washington
2024-01-16,LinkedIn,Prospect,450405,Colorado
2024-01-17,LinkedIn,Qualified,241984,Illinois
2024-01-18,Referral,Lost,372189,California
2024-01-19,LinkedIn,Lost,309902,Florida
2024-01-20,Email,Won,174675,Arizona
2024-01-21,LinkedIn,Proposal,478192,Colorado
2024-01-22,TikTok,Qualified,133011,Georgia
2024-01-23,Email,Lost,303309,California
2024-01-24,Referral,Won,152074,Arizona
2024-01-25,Email,Prospect,496802,California
2024-01-26,Referral,Proposal,481352,California
2024-01-27,Google_Ads,Proposal,319334,Georgia
2024-01-28,Email,Proposal,58595,New York
2024-01-29,Google_Ads,Qualified,476502,Texas
2024-01-30,Email,Won,108648,New York
2024-01-31,LinkedIn,Qualified,118128,New Jersey
2024-02-01,TikTok,Qualified,204698,Arizona
2024-02-02,Referral,Prospect,163805,Georgia
2024-02-03,Email,Lost,381205,New York
2024-02-04,TikTok,Proposal,184257,Colorado
2024-02-05,LinkedIn,Qualified,482126,New Jersey
2024-02-06,Email,Won,253273,Florida
2024-02-07,Referral,Proposal,454549,Illinois
2024-02-08,Google_Ads,Qualified,234853,Washington
2024-02-09,LinkedIn,Prospect,77872,California
2024-02-10,Email,Qualified,375417,California
2024-02-11,LinkedIn,Won,93748,New York
2024-02-12,Referral,Proposal,65290,Washington
2024-02-13,LinkedIn,Proposal,267426,Washington
2024-02-14,Google_Ads,Lost,127018,New York
2024-02-15,TikTok,Qualified,84198,Texas
2024-02-16,Google_Ads,Won,484182,California
2024-02-17,Email,Lost,391035,Florida
2024-02-18,TikTok,Prospect,181144,Arizona
2024-02-19,TikTok,Qualified,496050,New York
2024-02-20,Email,Prospect,236306,New York
2024-02-21,Referral,Won,420816,Texas
2024-02-22,TikTok,Qualified,347142,New Jersey
2024-02-23,LinkedIn,Lost,217250,Illinois
2024-02-24,LinkedIn,Lost,498372,New Jersey
2024-02-25,Referral,Prospect,422139,Illinois
2024-02-26,Referral,Won,134159,Texas
2024-02-27,LinkedIn,Lost,119653,New York
2024-02-28,Email,Qualified,127811,California
2024-02-29,TikTok,Lost,492743,Illinois
2024-03-01,Email,Proposal,79030,New Jersey
2024-03-02,Referral,Won,468136,Texas
2024-03-03,Referral,Prospect,148607,Colorado
2024-03-04,LinkedIn,Prospect,277556,Arizona
2024-03-05,Google_Ads,Prospect,246293,Florida
2024-03-06,Referral,Lost,422769,Arizona
2024-03-07,Google_Ads,Lost,117636,New Jersey
2024-03-08,LinkedIn,Won,262995,Colorado
2024-03-09,Google_Ads,Prospect,265346,Colorado
2024-03-10,Email,Prospect,359494,Colorado
2024-03-11,Referral,Proposal,280235,Washington
2024-03-12,LinkedIn,Prospect,271432,Colorado
2024-03-13,Google_Ads,Won,108821,California
2024-03-14,Referral,Lost,395539,Arizona
2024-03-15,LinkedIn,Qualified,189084,Arizona
2024-03-16,LinkedIn,Qualified,386380,Florida
2024-03-17,TikTok,Won,410987,Illinois
2024-03-18,Google_Ads,Proposal,160792,Arizona
2024-03-19,Google_Ads,Qualified,256239,Colorado
2024-03-20,Email,Won,435315,Colorado
2024-03-21,Google_Ads,Qualified,279358,Georgia
2024-03-22,Referral,Qualified,346706,New York
2024-03-23,LinkedIn,Won,281105,Georgia
2024-03-24,Email,Won,424633,Texas
2024-03-25,Referral,Proposal,409711,Illinois
2024-03-26,Email,Prospect,134576,Washington
2024-03-27,Google_Ads,Prospect,433533,Colorado
2024-03-28,TikTok,Qualified,404204,California
2024-03-29,TikTok,Won,86177,Florida
2024-03-30,TikTok,Won,68416,Florida
2024-01-01,TikTok,Proposal,88026,New Jersey
2024-01-02,LinkedIn,Prospect,491859,New Jersey
2024-01-03,Referral,Proposal,117471,Illinois
2024-01-04,LinkedIn,Lost,312952,Illinois
2024-01-05,TikTok,Proposal,276351,Illinois
2024-01-06,TikTok,Lost,145088,California
2024-01-07,Referral,Won,153898,Illinois
2024-01-08,LinkedIn,Won,342415,New Jersey
2024-01-09,TikTok,Proposal,414444,Arizona
2024-01-10,TikTok,Qualified,314719,California
2024-01-11,LinkedIn,Lost,478167,California
2024-01-12,Email,Qualified,148528,Colorado
2024-01-13,Referral,Won,96272,Colorado
2024-01-14,TikTok,Proposal,188340,New York
2024-01-15,Google_Ads,Won,235953,Texas
2024-01-16,TikTok,Won,231840,Georgia
2024-01-17,Google_Ads,Won,202602,Illinois
2024-01-18,Google_Ads,Prospect,169261,Arizona
2024-01-19,LinkedIn,Won,488995,New Jersey
2024-01-20,Referral,Lost,244086,Texas
2024-01-21,Email,Lost,130330,Florida
2024-01-22,Google_Ads,Won,467495,Colorado
2024-01-23,TikTok,Lost,400726,California
2024-01-24,Email,Won,110165,Florida
2024-01-25,Referral,Won,306866,New Jersey
2024-01-26,Email,Qualified,415237,Florida
2024-01-27,Referral,Qualified,126033,California
2024-01-28,Referral,Prospect,435424,Georgia
2024-01-29,Google_Ads,Proposal,334674,New York
2024-01-30,Referral,Prospect,282815,Colorado
2024-01-31,LinkedIn,Proposal,138214,Washington
2024-02-01,Google_Ads,Qualified,383725,California
2024-02-02,LinkedIn,Proposal,381946,New York
2024-02-03,TikTok,Qualified,196636,Georgia
2024-02-04,LinkedIn,Won,420024,Illinois
2024-02-05,Referral,Qualified,462842,Colorado
2024-02-06,LinkedIn,Proposal,328333,Illinois
2024-02-07,Email,Prospect,196462,Colorado
2024-02-08,TikTok,Won,322365,Florida
2024-02-09,TikTok,Proposal,297564,Georgia
2024-02-10,TikTok,Lost,428037,Florida
2024-02-11,Google_Ads,Prospect,380713,Texas
2024-02-12,Referral,Qualified,136832,Arizona
2024-02-13,Email,Prospect,101484,Colorado
2024-02-14,LinkedIn,Proposal,290688,Florida
2024-02-15,LinkedIn,Proposal,174887,Texas
2024-02-16,Google_Ads,Lost,131870,Arizona
2024-02-17,LinkedIn,Lost,199597,Washington
2024-02-18,LinkedIn,Won,231172,Texas
2024-02-19,LinkedIn,Lost,347672,Illinois
2024-02-20,Google_Ads,Lost,407042,Washington
2024-02-21,Email,Won,223796,New York
2024-02-22,TikTok,Prospect,399931,Georgia
2024-02-23,Email,Prospect,414931,Illinois
2024-02-24,Email,Prospect,437317,Florida
2024-02-25,Referral,Won,104648,New Jersey
2024-02-26,Referral,Prospect,442652,California
2024-02-27,LinkedIn,Won,103132,Washington
2024-02-28,TikTok,Qualified,72228,Arizona
2024-02-29,Email,Lost,385780,Washington
2024-03-01,LinkedIn,Won,175682,Arizona
2024-03-02,LinkedIn,Lost,292311,Washington
2024-03-03,Referral,Won,339090,Colorado
2024-03-04,TikTok,Lost,181433,Washington
2024-03-05,Referral,Lost,234004,Arizona
2024-03-06,LinkedIn,Proposal,316330,Illinois
2024-03-07,Google_Ads,Lost,99786,New York
2024-03-08,TikTok,Won,295603,Washington
2024-03-09,LinkedIn,Qualified,206018,Georgia
2024-03-10,Email,Lost,482055,Colorado
2024-03-11,Google_Ads,Proposal,95290,Illinois
2024-03-12,Referral,Won,284770,Colorado
2024-03-13,Email,Lost,160503,Washington
2024-03-14,Referral,Qualified,282982,Georgia
2024-03-15,Referral,Proposal,227966,Texas
2024-03-16,Google_Ads,Won,249017,New Jersey
2024-03-17,Email,Won,315465,Colorado
2024-03-18,TikTok,Proposal,101368,Arizona
2024-03-19,Referral,Lost,135072,Colorado
2024-03-20,TikTok,Lost,128307,Georgia
2024-03-21,Google_Ads,Lost,224145,Washington
2024-03-22,Email,Qualified,137392,Colorado
2024-03-23,Email,Won,473075,Arizona
2024-03-24,Google_Ads,Proposal,61766,Arizona
2024-03-25,LinkedIn,Lost,162335,New York
2024-03-26,Google_Ads,Lost,163553,New York
2024-03-27,TikTok,Won,248051,New York
2024-03-28,Referral,Qualified,364810,California
2024-03-29,Email,Qualified,347095,New Jersey
2024-03-30,Referral,Prospect,201252,California
2024-01-01,Google_Ads,Qualified,341608,New York
2024-01-02,Email,Lost,193083,California
2024-01-03,TikTok,Proposal,268644,Georgia
2024-01-04,Google_Ads,Won,187587,Illinois
2024-01-05,Referral,Won,51196,Texas
2024-01-06,LinkedIn,Qualified,367545,Georgia
2024-01-07,Google_Ads,Qualified,477774,Texas
2024-01-08,Referral,Lost,144121,Arizona
2024-01-09,Referral,Won,283735,New Jersey
2024-01-10,TikTok,Prospect,187612,Washington
2024-01-11,LinkedIn,Lost,262465,Illinois
2024-01-12,Email,Lost,393525,Georgia
2024-01-13,Google_Ads,Qualified,116707,Georgia
2024-01-14,Google_Ads,Proposal,120443,California
2024-01-15,Email,Won,325849,Arizona
2024-01-16,TikTok,Qualified,50477,Washington
2024-01-17,Google_Ads,Lost,125629,Washington
2024-01-18,Referral,Qualified,312506,Washington
2024-01-19,Email,Prospect,313013,Georgia
2024-01-20,LinkedIn,Won,169081,Colorado
2024-01-21,Referral,Lost,382685,Washington
2024-01-22,Google_Ads,Won,487918,New Jersey
2024-01-23,LinkedIn,Prospect,82118,Washington
2024-01-24,LinkedIn,Lost,468799,Colorado
2024-01-25,Email,Proposal,395071,Colorado
2024-01-26,Referral,Lost,66086,New Jersey
2024-01-27,Google_Ads,Lost,158992,Colorado
2024-01-28,LinkedIn,Lost,380113,Georgia
2024-01-29,TikTok,Qualified,333732,Illinois
2024-01-30,TikTok,Won,473736,Colorado
2024-01-31,LinkedIn,Prospect,97502,New Jersey
2024-02-01,TikTok,Qualified,137041,California
2024-02-02,TikTok,Prospect,225435,New York
2024-02-03,Email,Won,337892,New York
2024-02-04,LinkedIn,Prospect,99818,Arizona
2024-02-05,Email,Won,104752,Georgia
2024-02-06,Google_Ads,Prospect,127315,New York
2024-02-07,Google_Ads,Prospect,285420,Colorado
2024-02-08,LinkedIn,Won,458103,Illinois
2024-02-09,LinkedIn,Proposal,249509,New York
2024-02-10,LinkedIn,Proposal,445272,Colorado
2024-02-11,Referral,Proposal,224060,Washington
2024-02-12,TikTok,Lost,388937,Illinois
2024-02-13,Email,Won,315678,Georgia
2024-02-14,Google_Ads,Qualified,168805,Washington
2024-02-15,Google_Ads,Prospect,383668,New Jersey
2024-02-16,Google_Ads,Proposal,256722,Washington
2024-02-17,TikTok,Qualified,226921,New Jersey
2024-02-18,Google_Ads,Qualified,82806,California
2024-02-19,LinkedIn,Prospect,200682,Colorado
2024-02-20,LinkedIn,Proposal,435669,Arizona
2024-02-21,Google_Ads,Qualified,342710,New York
2024-02-22,Email,Prospect,380598,Arizona
2024-02-23,Google_Ads,Prospect,249012,California
2024-02-24,Email,Proposal,428219,Texas
2024-02-25,Referral,Prospect,443804,New Jersey
2024-02-26,Referral,Won,265480,Washington
2024-02-27,Email,Proposal,336746,Georgia
2024-02-28,TikTok,Proposal,390151,Washington
2024-02-29,LinkedIn,Proposal,328525,Texas
2024-03-01,LinkedIn,Proposal,233590,Texas
2024-03-02,Email,Prospect,107833,New Jersey
2024-03-03,TikTok,Qualified,404631,Texas
2024-03-04,Email,Prospect,317515,Georgia
2024-03-05,Email,Lost,80058,Illinois
2024-03-06,Referral,Qualified,378670,Colorado
2024-03-07,LinkedIn,Won,160725,Washington
2024-03-08,Google_Ads,Qualified,229271,Arizona
2024-03-09,Referral,Qualified,271249,Arizona
2024-03-10,Referral,Won,191004,Washington
2024-03-11,Google_Ads,Qualified,369954,California
2024-03-12,LinkedIn,Prospect,233826,Colorado
2024-03-13,TikTok,Qualified,155401,Florida
2024-03-14,Referral,Qualified,96666,New York
2024-03-15,TikTok,Prospect,168243,Texas
2024-03-16,Google_Ads,Proposal,399261,New York
2024-03-17,TikTok,Lost,339422,New York
2024-03-18,LinkedIn,Lost,81229,California
2024-03-19,TikTok,Lost,248216,Texas
2024-03-20,Email,Proposal,223350,Illinois
2024-03-21,Google_Ads,Qualified,74695,Arizona
2024-03-22,Email,Proposal,333060,Washington
2024-03-23,Email,Proposal,129249,New Jersey
2024-03-24,Referral,Won,305147,California
2024-03-25,TikTok,Qualified,150537,Arizona
2024-03-26,LinkedIn,Proposal,102885,Washington
2024-03-27,Referral,Lost,218316,California
2024-03-28,TikTok,Lost,85468,Illinois
2024-03-29,TikTok,Proposal,189941,Texas
2024-03-30,TikTok,Won,171184,Georgia
2024-01-01,LinkedIn,Lost,393913,New Jersey
2024-01-02,Google_Ads,Prospect,133694,Illinois
2024-01-03,Referral,Prospect,269431,New York
2024-01-04,Referral,Proposal,193113,Colorado
2024-01-05,Email,Won,395124,Texas
2024-01-06,Google_Ads,Won,416150,New York
2024-01-07,Google_Ads,Prospect,269733,Illinois
2024-01-08,Referral,Prospect,320550,New York
2024-01-09,Google_Ads,Prospect,225229,Colorado
2024-01-10,TikTok,Prospect,446432,Colorado
2024-01-11,Google_Ads,Won,162032,Texas
2024-01-12,LinkedIn,Qualified,453987,Georgia
2024-01-13,TikTok,Proposal,495924,Florida
2024-01-14,TikTok,Prospect,437774,Washington
2024-01-15,Referral,Qualified,428692,Colorado
2024-01-16,Email,Proposal,499162,Washington
2024-01-17,LinkedIn,Qualified,472906,Georgia
2024-01-18,Google_Ads,Prospect,457730,Arizona
2024-01-19,TikTok,Lost,233396,Georgia
2024-01-20,Email,Prospect,63583,Arizona
2024-01-21,LinkedIn,Qualified,331405,Illinois
2024-01-22,Referral,Proposal,384857,Georgia
2024-01-23,Email,Won,281964,New York
2024-01-24,Referral,Prospect,302041,New York
2024-01-25,Referral,Lost,404996,Colorado
2024-01-26,Google_Ads,Proposal,384742,Georgia
2024-01-27,LinkedIn,Proposal,101829,Florida
2024-01-28,LinkedIn,Prospect,225921,Washington
2024-01-29,Google_Ads,Qualified,318228,Texas
2024-01-30,Google_Ads,Prospect,389193,Florida
2024-01-31,LinkedIn,Prospect,115944,Colorado
2024-02-01,TikTok,Lost,330291,Georgia
2024-02-02,LinkedIn,Qualified,114177,Colorado
2024-02-03,Referral,Prospect,263039,Colorado
2024-02-04,LinkedIn,Lost,143815,Georgia
2024-02-05,Google_Ads,Proposal,376490,Texas
2024-02-06,TikTok,Qualified,85608,Washington
2024-02-07,LinkedIn,Proposal,93720,Colorado
2024-02-08,Google_Ads,Proposal,268301,New York
2024-02-09,TikTok,Prospect,481256,Georgia
2024-02-10,Email,Won,394655,Texas
2024-02-11,Referral,Qualified,282860,Arizona
2024-02-12,LinkedIn,Won,67918,Georgia
2024-02-13,LinkedIn,Qualified,271677,New Jersey
2024-02-14,Referral,Proposal,211202,Colorado
2024-02-15,Email,Proposal,281277,Georgia
2024-02-16,TikTok,Prospect,412116,New Jersey
2024-02-17,Google_Ads,Won,288494,California
2024-02-18,TikTok,Proposal,57616,Arizona
2024-02-19,Google_Ads,Prospect,295237,California
2024-02-20,LinkedIn,Qualified,226808,Colorado
2024-02-21,Google_Ads,Won,246790,Washington
2024-02-22,Email,Qualified,425673,Georgia
2024-02-23,LinkedIn,Lost,332842,Georgia
2024-02-24,Referral,Lost,245464,Arizona
2024-02-25,Referral,Prospect,495156,Colorado
2024-02-26,Google_Ads,Proposal,349910,Arizona
2024-02-27,Email,Proposal,75032,Colorado
2024-02-28,Referral,Lost,319371,Florida
2024-02-29,Email,Qualified,339642,Colorado
2024-03-01,LinkedIn,Won,464213,Georgia
2024-03-02,TikTok,Lost,269181,Arizona
2024-03-03,LinkedIn,Proposal,111176,California
2024-03-04,LinkedIn,Qualified,149033,Texas
2024-03-05,Email,Proposal,418533,Washington
2024-03-06,Referral,Qualified,252463,Washington
2024-03-07,Email,Qualified,447795,California
2024-03-08,Email,Lost,379804,Illinois
2024-03-09,TikTok,Qualified,239550,Washington
2024-03-10,TikTok,Prospect,365942,Texas
2024-03-11,Email,Prospect,124647,New Jersey
2024-03-12,Email,Won,111863,Florida
2024-03-13,TikTok,Prospect,144087,Arizona
2024-03-14,Google_Ads,Prospect,364840,New York
2024-03-15,TikTok,Proposal,161558,Arizona
2024-03-16,Google_Ads,Qualified,123238,Washington
2024-03-17,Google_Ads,Proposal,422305,Texas
2024-03-18,LinkedIn,Proposal,383270,Illinois
2024-03-19,TikTok,Lost,105241,Georgia
2024-03-20,Google_Ads,Won,347812,Florida
2024-03-21,Google_Ads,Proposal,383789,Texas
2024-03-22,LinkedIn,Lost,484074,Arizona
2024-03-23,Referral,Lost,422076,Georgia
2024-03-24,LinkedIn,Lost,172905,Florida
2024-03-25,TikTok,Lost,197753,Georgia
2024-03-26,TikTok,Prospect,94371,Texas
2024-03-27,LinkedIn,Lost,171417,Washington
2024-03-28,Referral,Won,102447,Georgia
2024-03-29,LinkedIn,Won,79051,California
2024-03-30,Email,Proposal,338193,Colorado
2024-01-01,Google_Ads,Lost,370870,Colorado
2024-01-02,Email,Lost,318448,California
2024-01-03,TikTok,Proposal,457007,Washington
2024-01-04,Referral,Lost,207258,Florida
2024-01-05,LinkedIn,Proposal,89676,Florida
2024-01-06,LinkedIn,Won,292493,New York
2024-01-07,TikTok,Prospect,187800,California
2024-01-08,Email,Proposal,273875,Georgia
2024-01-09,LinkedIn,Won,400812,Florida
2024-01-10,Google_Ads,Won,392227,California
2024-01-11,Referral,Prospect,415718,Florida
2024-01-12,LinkedIn,Qualified,242544,Georgia
2024-01-13,TikTok,Lost,205843,New York
2024-01-14,Email,Won,374417,Illinois
2024-01-15,TikTok,Qualified,390640,New Jersey
2024-01-16,Google_Ads,Won,104893,New York
2024-01-17,Google_Ads,Prospect,190718,Colorado
2024-01-18,Google_Ads,Proposal,454816,California
2024-01-19,LinkedIn,Proposal,263930,New Jersey
2024-01-20,LinkedIn,Proposal,200446,New York
2024-01-21,LinkedIn,Proposal,169783,Florida
2024-01-22,Google_Ads,Won,137925,Colorado
2024-01-23,LinkedIn,Lost,183690,California
2024-01-24,Google_Ads,Proposal,97560,California
2024-01-25,Email,Qualified,240934,Colorado
2024-01-26,Google_Ads,Lost,325314,Colorado
2024-01-27,Google_Ads,Prospect,257952,Georgia
2024-01-28,LinkedIn,Qualified,139585,Georgia
2024-01-29,LinkedIn,Qualified,299189,California
2024-01-30,LinkedIn,Proposal,91554,Florida
2024-01-31,Referral,Won,70490,New York
2024-02-01,Google_Ads,Qualified,470148,Illinois
2024-02-02,Email,Qualified,61752,Illinois
2024-02-03,TikTok,Won,133048,Florida
2024-02-04,TikTok,Lost,134590,Colorado
2024-02-05,Google_Ads,Qualified,52780,Arizona
2024-02-06,Google_Ads,Lost,89076,Colorado
2024-02-07,Google_Ads,Won,210036,New York
2024-02-08,LinkedIn,Qualified,434674,New Jersey
2024-02-09,Google_Ads,Lost,158121,Colorado
2024-02-10,Email,Lost,80702,Arizona
2024-02-11,Referral,Prospect,370048,New York
2024-02-12,LinkedIn,Lost,291257,New York
2024-02-13,Google_Ads,Qualified,106706,New York
2024-02-14,Google_Ads,Won,226296,Arizona
2024-02-15,TikTok,Lost,71012,New Jersey
2024-02-16,Google_Ads,Prospect,379562,Illinois
2024-02-17,TikTok,Won,266543,Washington
2024-02-18,Email,Proposal,444937,Washington
2024-02-19,TikTok,Lost,56337,Illinois
2024-02-20,Email,Proposal,312120,Colorado
2024-02-21,Google_Ads,Won,436802,Colorado
2024-02-22,LinkedIn,Qualified,344506,New Jersey
2024-02-23,LinkedIn,Qualified,410137,Arizona
2024-02-24,LinkedIn,Lost,425567,Illinois
2024-02-25,LinkedIn,Qualified,97432,New Jersey
2024-02-26,Referral,Proposal,407593,Arizona
2024-02-27,Google_Ads,Won,366478,California
2024-02-28,Referral,Proposal,105591,California
2024-02-29,Referral,Lost,159148,Arizona
2024-03-01,Referral,Proposal,146570,Texas
2024-03-02,Referral,Qualified,429519,Florida
2024-03-03,Referral,Lost,192033,Arizona
2024-03-04,TikTok,Lost,367107,New York
2024-03-05,LinkedIn,Proposal,191144,New Jersey
2024-03-06,Referral,Qualified,495486,Texas
2024-03-07,Referral,Proposal,232249,Arizona
2024-03-08,Google_Ads,Lost,490993,Colorado
2024-03-09,Email,Prospect,109696,Texas
2024-03-10,LinkedIn,Prospect,420940,New York
2024-03-11,LinkedIn,Lost,67043,Arizona
2024-03-12,Google_Ads,Qualified,378938,Arizona
2024-03-13,TikTok,Won,354005,Colorado
2024-03-14,Referral,Won,417083,Texas
2024-03-15,TikTok,Proposal,290441,Georgia
2024-03-16,Email,Won,452464,California
2024-03-17,TikTok,Qualified,340409,Illinois
2024-03-18,TikTok,Prospect,164046,Arizona
2024-03-19,TikTok,Lost,63436,New York
2024-03-20,TikTok,Won,478942,Colorado
2024-03-21,Google_Ads,Won,435412,Washington
2024-03-22,Email,Proposal,433275,New York
2024-03-23,TikTok,Qualified,161667,Washington
2024-03-24,Referral,Won,419222,Illinois
2024-03-25,LinkedIn,Qualified,469188,Illinois
2024-03-26,LinkedIn,Won,301886,California
2024-03-27,Referral,Qualified,303951,Arizona
2024-03-28,Referral,Proposal,440329,Texas
2024-03-29,LinkedIn,Won,295010,New Jersey
2024-03-30,Google_Ads,Won,141690,California
2024-01-01,Email,Won,120929,Florida
2024-01-02,TikTok,Prospect,476872,New York
2024-01-03,Referral,Qualified,429437,Illinois
2024-01-04,Google_Ads,Qualified,243808,Colorado
2024-01-05,LinkedIn,Qualified,104072,Georgia
2024-01-06,Email,Won,428309,California
2024-01-07,TikTok,Prospect,487286,Georgia
2024-01-08,Google_Ads,Prospect,431127,Arizona
2024-01-09,Referral,Proposal,92225,Arizona
2024-01-10,LinkedIn,Prospect,124639,Florida
2024-01-11,Google_Ads,Lost,177261,Texas
2024-01-12,LinkedIn,Qualified,492604,Florida
2024-01-13,Email,Lost,227990,Texas
2024-01-14,Referral,Won,270815,California
2024-01-15,LinkedIn,Proposal,297465,New York
2024-01-16,Email,Proposal,419036,Illinois
2024-01-17,LinkedIn,Lost,295344,Illinois
2024-01-18,Google_Ads,Proposal,221170,New York
2024-01-19,Referral,Proposal,262651,New York
2024-01-20,TikTok,Won,309968,California
2024-01-21,Referral,Won,406325,Texas
2024-01-22,Referral,Lost,151885,Texas
2024-01-23,Google_Ads,Lost,267421,California
2024-01-24,Referral,Prospect,207148,New Jersey
2024-01-25,Google_Ads,Qualified,86647,Texas
2024-01-26,Google_Ads,Prospect,244690,Washington
2024-01-27,TikTok,Proposal,59512,New Jersey
2024-01-28,Referral,Qualified,229265,Washington
2024-01-29,Email,Lost,490775,California
2024-01-30,TikTok,Prospect,482595,Washington
2024-01-31,Email,Qualified,483272,Texas
2024-02-01,TikTok,Lost,261379,New Jersey
2024-02-02,LinkedIn,Qualified,204323,Colorado
2024-02-03,Referral,Qualified,220090,Illinois
2024-02-04,Referral,Won,251733,New York
2024-02-05,Google_Ads,Prospect,229609,New Jersey
2024-02-06,Referral,Lost,282412,Georgia
2024-02-07,LinkedIn,Prospect,78308,Colorado
2024-02-08,LinkedIn,Won,493521,New Jersey
2024-02-09,Email,Proposal,370670,New Jersey
2024-02-10,Email,Prospect,329541,Texas
2024-02-11,LinkedIn,Proposal,260823,Illinois
2024-02-12,Google_Ads,Prospect,410175,Washington
2024-02-13,Google_Ads,Prospect,178298,Texas
2024-02-14,LinkedIn,Qualified,435007,New York
2024-02-15,LinkedIn,Won,240833,Florida
2024-02-16,Referral,Prospect,239454,Texas
2024-02-17,LinkedIn,Proposal,182628,Colorado
2024-02-18,LinkedIn,Proposal,445109,Colorado
2024-02-19,Google_Ads,Proposal,218657,Georgia
2024-02-20,Referral,Proposal,407702,Georgia
2024-02-21,Google_Ads,Lost,304297,Illinois
2024-02-22,Google_Ads,Lost,216917,Florida
2024-02-23,TikTok,Proposal,249334,New York
2024-02-24,Email,Qualified,126073,New York
2024-02-25,Referral,Lost,207050,New York
2024-02-26,Google_Ads,Won,103772,Texas
2024-02-27,TikTok,Won,433633,California
2024-02-28,Referral,Won,427203,Georgia
2024-02-29,Referral,Qualified,115416,Washington
